air_store_id,mean_visitors,median_visitors,min_visitors,max_visitors,std_visitors
air_00a91d42b08b08d9,26.08189655172414,26.0,1,99,12.435364311712368
air_0164b9927d20bcc3,9.248322147651006,8.0,1,27,6.348979530972588
air_0241aa3964b7f861,9.896464646464647,9.0,1,48,6.214877016513886
air_0328696196e46f18,7.939655172413793,6.0,1,41,6.7338067186056225
air_034a3d5b40d5b1b1,14.828685258964143,12.0,1,116,13.15410711012123
air_036d4f1ee7285390,22.455516014234874,21.0,4,188,14.5905661730666
air_0382c794b73b51ad,23.687919463087248,23.0,1,74,11.642251004483814
air_03963426c9312048,39.34032634032634,36.0,2,119,23.738957706212915
air_04341b588bde96cd,35.87076271186441,34.0,1,119,16.22042410752801
air_049f6d5b402a31b2,11.531007751937985,11.0,1,29,6.431395494581387
air_04cae7c1bc9b2a0b,22.11340206185567,20.0,2,66,12.715895256692233
air_0585011fa179bcce,4.7765567765567765,4.0,1,26,2.7529195487339138
air_05c325d315cc17f5,22.495726495726494,22.0,1,56,9.193260665032184
air_0647f17b4dc041c8,36.42857142857143,35.0,1,90,18.37472094020395
air_064e203265ee5753,21.68918918918919,21.0,1,122,10.460344001259184
air_066f0221b8a4d533,14.310469314079423,12.0,1,55,10.44885744377803
air_06f95ac5c33aca10,22.206982543640898,21.0,1,56,12.237015613383619
air_0728814bd98f7367,9.951276102088167,9.0,1,42,6.801842568103496
air_0768ab3910f7967f,19.89969604863222,13.0,1,99,19.02098407741265
air_07b314d83059c4d2,33.224489795918366,30.0,6,116,16.184641064728417
air_07bb665f9cdfbdfb,29.43421052631579,28.0,1,351,22.257746288059703
air_082908692355165e,40.67289719626168,45.0,1,244,23.76742331971911
air_083ddc520ea47e1e,10.24390243902439,9.0,1,55,7.80767749292787
air_0845d8395f30c6bb,21.96085409252669,20.0,1,63,13.0674854662547
air_084d98859256acf0,14.695833333333333,14.0,1,35,6.893328238089885
air_0867f7bebad6a649,23.113636363636363,18.0,1,83,17.081079694215255
air_08ba8cd01b3ba010,10.366013071895425,10.0,1,24,5.180267777284321
air_08cb3c4ee6cd6a22,15.145328719723183,14.0,1,40,8.856082379769429
air_08ef81d5b7a0d13f,14.070833333333333,13.0,1,38,8.175838429829897
air_08f994758a1e76d4,26.19031141868512,25.0,2,78,15.331129016369616
air_09040f6df960ddb8,12.634361233480176,11.0,1,47,8.48336529024267
air_0919d54f0c9a24b8,43.56837606837607,45.5,2,305,27.235218141641017
air_09661c0f3259cc04,32.74125874125874,33.0,2,71,12.770147912544191
air_09a845d5b5944b01,11.628992628992629,8.0,1,56,10.54931859763131
air_09fd1f5c58583141,6.8111587982832615,6.0,1,23,4.283937012120083
air_0a74a5408a0b8642,31.20532319391635,31.0,2,67,11.95106315298978
air_0b184ec04c741a6a,12.094488188976378,12.0,1,54,7.234529487700826
air_0b1e72d2d4422b20,24.468992248062015,23.0,2,64,13.63479354773786
air_0b9038300f8b2b50,15.263698630136986,13.0,1,58,9.4087579303554
air_0e1eae99b8723bc1,13.88283378746594,13.0,1,41,6.989445957244231
air_0e7c11b9abc50163,26.735159817351597,23.0,6,229,18.63860047968499
air_0ead98dd07e7a82a,19.514492753623188,15.0,1,68,16.568035140805147
air_0f0cdeee6c9bf3d7,26.827715355805243,27.0,1,75,13.598163700991906
air_0f2f96335f274801,8.64935064935065,8.0,1,27,5.028476807575929
air_0f60e1576a7d397d,9.174358974358974,8.0,1,65,7.008857354581056
air_1033310359ceeac1,17.626404494382022,15.0,2,81,11.840645181050274
air_10393f12e9069760,14.85121107266436,14.0,1,50,8.432040842187698
air_105a7954e32dba9b,47.260416666666664,47.0,28,68,7.918756039156585
air_10713fbf3071c361,10.966542750929367,10.0,1,28,5.1589289661185065
air_10bbe8acd943d8f6,31.945205479452056,28.0,1,94,18.543635108856527
air_12c4fb7a423df20d,17.76027397260274,16.5,2,45,9.197567880015827
air_138ee734ac79ff90,7.98992443324937,7.0,1,22,4.102216602628547
air_138ff410757b845f,41.16205533596838,43.0,2,87,20.294885168751236
air_1408dd53f31a8a65,33.516891891891895,29.0,2,101,21.783208860795018
air_142e78ba7001da9c,10.755813953488373,10.0,1,101,6.520428801864015
air_1509881b22965b34,10.756476683937823,9.0,1,60,10.11484943972255
air_152c1f08d7d20e07,13.102409638554217,11.0,1,58,9.522305245514607
air_15ae33469e9ea2dd,12.762931034482758,12.0,1,44,8.22306996708254
air_15e6e15c7ea2c162,22.060714285714287,21.0,1,59,11.301341287659334
air_16179d43b6ee5fd8,9.206896551724139,8.0,1,26,4.496303900813745
air_1653a6c513865af3,32.81367924528302,33.0,2,86,13.180532304168256
air_168441ada3e878e1,41.60409556313993,40.0,3,89,15.014841411782317
air_16c4cfddeb2cf69b,13.995670995670995,13.0,1,40,7.452165040237481
air_16cf0a73233896de,9.61951219512195,8.0,1,118,9.239894883773092
air_1707a3f18bb0da07,24.62857142857143,28.0,1,67,12.89096773637759
air_17a6ab40f97fd4d8,11.643478260869566,5.0,1,89,18.03757836877254
air_17bed6dbf7c8b0fc,20.003174603174603,19.0,1,51,8.751887298810054
air_1979eaff8189d086,9.317073170731707,9.0,1,34,5.667403498879713
air_1ab60ce33bfed8a8,10.467680608365018,10.0,1,30,6.145648024257299
air_1ae94f514a0bce13,18.308370044052865,15.0,1,97,14.165334431063656
air_1ba4e87ef7422183,39.67482517482517,38.0,1,124,15.657379711912622
air_1c0b150f9e696a5f,115.47058823529412,115.0,71,166,23.233039354485218
air_1c95a84924d72500,11.295652173913043,10.0,1,39,7.047889608936534
air_1d1e8860ae04f8e9,11.501176470588236,9.0,1,89,9.908097675944099
air_1d25ca6c76df48b4,39.63414634146341,38.0,8,91,15.194149748962394
air_1d3f797dd1f7cf1c,33.41114982578397,30.0,6,93,15.275040695647828
air_1dd8f6f47480d1a2,36.04119850187266,37.0,1,75,13.276207847077215
air_1dea9815ccd36620,13.260162601626016,10.0,2,261,19.492473648899583
air_1e23210b584540e7,16.2039911308204,7.0,1,85,18.768130956252204
air_1e665503b8474c55,8.382478632478632,7.0,1,34,5.609821672437064
air_1eeff462acb24fb7,15.930232558139535,16.0,1,38,6.4254916043955435
air_1f1390a8be2272b3,16.03058823529412,15.0,1,40,7.606570265879819
air_1f34e9beded2231a,7.337837837837838,7.0,1,31,4.75745609444074
air_1f7f8fa557bc0d55,4.695754716981132,4.0,1,22,3.2258384870328123
air_2009041dbf9264de,39.76039119804401,39.0,1,128,17.29037746226975
air_20619d21192aa571,17.058685446009388,17.0,1,43,5.218864619334425
air_20add8092c9bb51d,33.34931506849315,28.0,2,109,22.34148975511056
air_2195cd5025a98033,26.64426877470356,26.0,2,71,8.83400361107518
air_21f5052d5330528d,34.10069444444444,33.0,1,105,17.19473218305761
air_220cba70c890b119,10.933098591549296,8.0,1,36,7.672568012434932
air_22682e965418936f,9.117216117216117,7.0,1,54,7.83662430238927
air_228f10bec0bda9c8,16.93305439330544,17.0,1,40,8.15370433686403
air_229d7e508d9f1b5e,13.717703349282298,14.0,1,35,7.080697114205193
air_232dcee6f7c51d37,7.037894736842105,7.0,1,21,3.444348975106037
air_234d3dbf7f3d5a50,7.984126984126984,7.0,1,29,4.6507303651462015
air_23e1b11aee2a1407,40.11267605633803,38.0,1,99,18.6210483859018
air_23ee674e91469086,24.963203463203463,24.0,3,76,9.97658587080128
air_24b9b2a020826ede,27.609137055837564,27.0,2,62,14.165130026519027
air_24e8414b9b07decb,5.568376068376068,6.0,1,25,2.558672857867512
air_2545dd3a00f265e2,32.33870967741935,28.0,8,90,15.677357817116306
air_256be208a979e023,6.60431654676259,5.0,1,42,5.126724353795261
air_2570ccb93badde68,36.990196078431374,36.0,4,106,11.375861420449965
air_258ad2619d7bff9a,25.730337078651687,24.0,2,79,16.65196417207911
air_258dc112912fc458,63.55,60.0,7,109,16.522762288436134
air_25c583983246b7b0,21.054455445544555,18.0,1,96,15.72057007025591
air_25d8e5cc57dd87d9,23.726635514018692,24.0,1,57,10.351324611199152
air_25e9888d30b386df,6.74375,4.0,1,50,7.248172940251002
air_2634e41551e9807d,11.588621444201314,9.0,1,70,8.652991171233875
air_26c5bbeb7bb82bf1,27.53191489361702,25.5,1,127,12.185851579738044
air_26f10355d9b4d82a,28.418032786885245,28.0,6,74,11.562206180137377
air_2703dcb33192b181,47.25316455696203,45.0,21,72,10.916311430231579
air_275732a5db46f4d3,16.460916442048518,16.0,1,38,6.317325659026008
air_27e991812b0d9c92,29.953929539295395,27.0,1,182,14.758031785431431
air_28064154614b2e6c,21.12542372881356,19.0,2,65,10.795936392548446
air_287d2de7d3c93406,22.7468085106383,19.0,1,84,14.115943156584601
air_28a9fa1ec0839375,31.068870523415978,29.0,1,80,15.503098802422203
air_28dbe91c4c9656be,37.903614457831324,30.0,3,95,24.164888082601713
air_290e7a57b390f78e,10.811764705882354,11.0,1,35,5.8420591141938925
air_298513175efdf261,28.194570135746606,28.0,5,93,9.063303068595376
air_2a184c1745274b2b,5.448398576512456,4.0,1,23,3.714595622752146
air_2a24aec099333f39,5.873873873873874,5.0,1,24,3.792388464353724
air_2a3743e37aab04b4,13.910290237467018,13.0,1,64,8.244438540419615
air_2a485b92210c98b5,23.782178217821784,15.0,1,105,22.550655848731335
air_2a7f14da7fe0f699,21.715415019762847,21.0,3,52,9.234061747403084
air_2aab19554f91ff82,34.08205128205128,35.0,1,87,18.176892472200784
air_2ac361b97630e2df,11.173010380622838,10.0,1,41,6.929042512660239
air_2b8b29ddfd35018e,12.938297872340426,11.0,1,56,8.628708298736624
air_2b9bc9f5f5168ea1,19.660516605166052,18.0,1,58,11.684869534078112
air_2bffb19a24d11729,17.97132616487455,17.0,2,39,8.690474941554145
air_2c505f9ad67d4635,18.167857142857144,15.5,1,51,10.024184146011024
air_2c6c79d597e48096,16.941176470588236,17.0,1,40,8.656885864540456
air_2c6fef1ce0e13a5a,28.324137931034482,23.0,2,102,20.612719142091276
air_2c989829acbd1c6b,27.75925925925926,29.5,1,61,13.569850004995288
air_2cee51fa6fdf6c0d,19.203931203931205,15.0,1,62,14.21995351974224
air_2d3afcb91762fe01,39.975429975429975,40.0,6,82,11.20649819183195
air_2d78d9a1f4dd02ca,14.296,13.0,1,39,8.329098361651896
air_2e7cb1f1a2a9cd6a,27.927659574468084,28.0,1,73,13.129494787991222
air_2f8ced25216df926,16.320689655172412,13.0,2,135,15.396846828370219
air_2fc149abe33adcb4,34.407407407407405,34.0,3,79,15.042730688158771
air_2fc478dc9f0a6b31,11.736,11.0,1,35,7.071231381662747
air_2fed81034f8834e5,32.00787401574803,32.5,1,96,16.783436245930666
air_303bac187b53083a,8.936842105263159,9.0,1,19,3.7241114172313936
air_310e467e6e625004,14.672645739910314,15.0,2,35,5.450474456169656
air_3155ee23d92202da,17.63799283154122,16.0,1,57,12.42856382831423
air_31c753b48a657b6c,22.45945945945946,18.0,2,64,14.580674497294998
air_32460819c7600037,41.44390243902439,42.0,2,83,13.825423036639707
air_324f7c39a8410e7c,14.436823104693142,13.0,1,56,9.136672483659854
air_326ca454ef3558bc,29.299771167048053,25.0,1,109,19.173862296375216
air_32b02ba5dc2027f4,31.6443661971831,27.5,1,162,22.959103369079315
air_32c61b620a766138,26.10544217687075,22.0,3,81,14.951540755528239
air_32f5d7cd696e3c4a,18.97173144876325,19.0,1,52,10.16002698864004
air_33b01025210d6007,10.6484375,8.0,1,36,8.10818017709977
air_3440e0ea1b70a99b,30.209621993127147,27.0,2,89,16.398087888785753
air_346ade7d29230634,9.42039800995025,8.0,1,30,5.636971104477497
air_347be2c4feeb408b,24.114285714285714,24.0,3,49,7.883059238063589
air_349278fa964bb12f,17.648464163822524,17.0,6,42,4.713283403461789
air_3525f11ef0bf0c35,44.78304239401496,41.0,1,120,22.69086405848614
air_35512c42db0868da,9.80622009569378,9.0,1,43,5.213730219369103
air_3561fd1c0bce6a95,15.56,14.0,1,40,8.85536242109958
air_35c4732dcbfe31be,8.076062639821028,7.0,1,37,4.976945474501115
air_36429b5ca4407b3e,22.523076923076925,19.0,1,60,14.524491569788434
air_36bcf77d3382d36e,31.777310924369747,24.0,6,99,17.90538848374
air_37189c92b6c761ec,20.241469816272964,12.0,1,167,22.85502275654908
air_375a5241615b5e22,9.298850574712644,9.0,1,31,5.371108485782776
air_382f5ace4e2247b8,7.095238095238095,6.0,1,63,6.662792221154272
air_383f5b2f8d345a49,10.50319829424307,9.0,1,48,6.389301488405495
air_38746ffe9aa20c7e,10.191729323308271,8.0,1,64,8.566988375639625
air_396166d47733d5c9,22.01115241635688,19.0,1,74,13.69128802183461
air_396942e6423a2145,16.590038314176244,14.0,1,91,13.987787819217505
air_397d3f32a7196aa2,29.13821138211382,28.0,1,87,14.935412077697931
air_3980af67be35afdb,14.141666666666667,14.0,1,39,8.009717772840554
air_3982a2c4ea2ed431,32.30843373493976,32.0,1,83,16.36557897164412
air_399904bdb7685ca0,40.9562363238512,36.0,1,141,25.110856179835423
air_39dccf7df20b1c6a,24.64543524416136,24.0,1,59,9.87084549675446
air_3a8a3f8fb5cd7f88,27.94736842105263,29.0,1,59,14.707016761671651
air_3aa839e8e0cb6c87,27.773519163763066,26.0,1,126,13.205513621958684
air_3ac24136722e2291,15.657894736842104,15.0,1,41,8.751898644909263
air_3b20733899b5287f,44.64255319148936,44.0,4,101,16.95191470768934
air_3b6438b125086430,13.087336244541484,12.0,1,38,7.531481201028162
air_3bb99a1fe0583897,34.920529801324506,37.0,2,73,14.397573777971797
air_3bd49f98ab7f36ab,10.826241134751774,9.0,1,34,6.8995037769895715
air_3c05c8f26c611eb9,25.95550847457627,25.0,2,65,13.852886879641384
air_3c938075889fc059,29.704980842911876,26.0,1,108,19.427011679311185
air_3cad29d1a23209d2,9.619834710743802,10.0,1,22,3.7429628963325605
air_3caef3f76b8f26c5,20.729113924050633,21.0,1,59,9.129638128649175
air_3d3a2b509180e798,16.16872427983539,16.0,1,81,8.44576335293305
air_3e6cea17a9d2c0f1,18.342612419700213,17.0,1,61,10.452547794312046
air_3e93f3c81008696d,28.013157894736842,23.0,2,96,20.587297795300977
air_3f91d592acd6cc0b,22.408088235294116,22.0,1,57,10.75930940010062
air_401b39f97e56b939,14.38993710691824,13.0,1,38,7.961192902138102
air_4043b7ccfbffa732,46.25449101796407,43.5,1,120,29.902914391067295
air_4092cfbd95a3ac1b,32.94117647058823,31.0,3,183,20.632532294628522
air_40953e2d8b4f2857,14.072289156626505,14.0,1,58,8.783851292511418
air_40f6193ea3ed1b91,14.987714987714988,15.0,1,35,6.439360678524274
air_414ff459ed18fa48,16.450511945392492,16.0,2,37,6.961865898723479
air_41bbf6e1d9814c4b,7.435768261964736,7.0,1,26,3.8203376849396355
air_421670f21da5ba31,17.225352112676056,17.0,1,51,9.345360845520043
air_4254c3fc3ad078bd,10.891472868217054,11.0,1,57,5.634441489282514
air_42c9aa6d617c5057,45.86065573770492,44.5,17,85,13.368358671131174
air_42d41eb58cad170e,22.87900355871886,20.0,1,91,14.769162627510212
air_43b65e4b05bff2d3,23.85810810810811,22.0,5,57,10.000006871275696
air_43d577e0c9460e64,32.344,31.0,1,514,27.917306460330302
air_4433ab8e9999915f,18.817073170731707,17.0,3,53,8.58160545673316
air_4481a87c1d7c9896,20.813793103448276,20.0,2,66,9.074841611205365
air_452100f5305dde64,6.572052401746725,6.0,1,15,3.0579642461244285
air_45326ebb8dc72cfb,18.93774319066148,17.0,2,59,9.504728241744544
air_4570f52104fe0982,10.308390022675736,8.0,1,311,16.20620384556175
air_4579cb0669fd411b,24.617241379310343,22.0,1,76,12.556379951434538
air_457efe8c3a30ea17,6.909326424870466,6.0,1,31,4.848838775129156
air_464a62de0d57be1e,23.852739726027398,22.0,5,94,10.220030835021703
air_465bddfed3353b23,31.38487972508591,30.0,1,110,15.55977278785336
air_47070be6093f123e,46.0722891566265,44.0,4,201,23.37343222232317
air_472b19e3b5bffa41,10.441441441441441,9.0,1,36,6.377540746019863
air_473cf23b9e7c0a37,9.698795180722891,9.0,1,25,4.484925305305565
air_473f98b212d37b4a,25.22,23.0,1,120,13.84053832960022
air_47beaffd3806c979,21.11731843575419,21.0,1,35,5.725233086295353
air_483eba479dc9910d,19.29639175257732,16.0,1,64,12.533048296739592
air_48e9fc98b62495a7,25.206818181818182,22.0,1,107,18.192101940030998
air_48f4da6223571da4,21.797909407665504,20.0,2,56,10.411175871472413
air_48ffd31594bc3263,4.941422594142259,3.0,1,73,6.877432317271253
air_49211568cab5fdee,18.61904761904762,17.0,1,50,9.625289026879505
air_4974785f48853db9,8.107476635514018,8.0,1,29,5.166035719789109
air_4b251b9f8373f1ae,21.86842105263158,23.0,1,43,8.875063474756928
air_4b380b4db9d37883,26.243150684931507,22.0,3,113,16.924507566310325
air_4b55d8aea1d2b395,32.35087719298246,33.0,1,114,24.111460373598632
air_4b9085d0d46a6211,28.616033755274263,27.0,1,60,10.572201130541288
air_4beac252540f865e,40.06273062730627,42.0,2,101,16.092088414904246
air_4c2ed28f3f19ca52,14.661417322834646,12.5,1,61,10.32952747729559
air_4c665a2bfff0da3b,6.731764705882353,6.0,1,27,4.475146560388715
air_4c727b55acdee495,16.57894736842105,16.0,2,39,6.721175724039461
air_4cab15ad29c0ffbc,21.83982683982684,20.0,1,51,10.6817649457413
air_4cab91146e3d1897,14.903225806451612,14.0,4,39,5.680276588932232
air_4cca5666eaf5c709,29.87526427061311,29.0,1,76,11.02266930204754
air_4ce7b17062a1bf73,7.563186813186813,6.0,1,27,4.920174553807601
air_4d21676ed11f0bac,35.65827338129496,35.0,1,99,18.543006502420788
air_4d71826793c09b22,22.238805970149254,22.0,6,49,5.305466808719649
air_4d90a22572fa1ec9,22.390438247011954,22.0,2,46,8.673577589851336
air_4de6d887a7b1c1fc,15.084,15.0,1,31,6.0344512931697905
air_4dea8d17f6f59c56,15.88929889298893,10.0,1,52,13.035660344521851
air_4e1c38f68f435596,35.81818181818182,36.0,17,74,8.256268836692177
air_4f762e840b3996e1,14.57649667405765,13.0,1,71,9.421973238097921
air_4feeb8600f131e43,53.14035087719298,57.5,2,85,17.793914315306893
air_500641aca4cf673c,16.603571428571428,17.0,1,51,6.8425708421357765
air_506fe758114df773,20.080357142857142,17.0,1,119,15.783001868168103
air_51281cd059d7b89b,12.522727272727273,10.0,1,262,20.046504375135775
air_51319e7acf0438cf,13.107329842931938,13.0,1,40,5.9689923786936046
air_52a08ef3efdb4bb0,28.930555555555557,21.0,1,121,30.28843798784198
air_52e2a1fd42bc917a,11.209016393442623,11.0,2,22,2.991304382572119
air_536043fcf1a4f8a4,31.07659574468085,31.0,2,78,10.76985868942456
air_539d693f7317c62d,16.872773536895675,16.0,2,222,13.985382189699024
air_546b353cbea4a45b,17.08108108108108,16.0,1,158,11.93768458249924
air_5485912b44f976de,11.365461847389557,10.0,1,37,7.096609530059212
air_54d6c25d33f5260e,35.22678185745141,34.0,2,239,18.963806259457773
air_54ed43163b7596c4,16.44126984126984,17.0,2,51,6.375126698394659
air_55390f784018349a,44.92011834319526,45.0,1,82,10.381283545745676
air_55c3627912b9c849,12.466522678185745,12.0,1,38,7.42687746483886
air_55e11c33d4758131,23.91864406779661,20.0,2,70,13.91128933436114
air_56cd12f31a0afc04,29.79725085910653,29.0,7,60,10.277702312771863
air_56cebcbd6906e04c,24.35272727272727,18.0,1,126,20.73475039448749
air_56ea46c14b2dd967,33.786476868327405,34.0,1,69,11.864892482220036
air_57013002b912772b,4.954545454545454,4.0,1,27,4.046993225250866
air_573ecdf81b157d22,33.053763440860216,34.0,4,54,9.862795229226156
air_57c9eea1a2b66e65,15.441767068273093,15.0,4,33,5.714796027774955
air_57ed725a1930a5b9,19.21728971962617,15.0,1,124,16.019513280743936
air_5878b6f2a9da12c1,12.655555555555555,11.0,1,69,8.511738377714433
air_59cc9b2b209c6331,14.867088607594937,12.0,1,105,15.242040600289997
air_5a9a6cbeeb434c08,20.39700374531835,18.0,1,66,13.038392931524497
air_5acc13d655a6e8b2,24.980842911877396,24.0,1,62,12.050040570400808
air_5afb1cca48ceaa19,40.7429718875502,39.0,2,95,17.426522032939594
air_5b6d18c470bbfaf9,22.316301703163017,19.0,1,124,16.52661421794412
air_5b704df317ed1962,3.669724770642202,2.0,1,44,5.939875475228995
air_5bd22f9cc1426a90,26.5,27.0,1,59,13.106260281918935
air_5c65468938c07fa5,18.83371298405467,16.0,1,86,13.429577954506069
air_5c7489c9ec755e2d,29.17766497461929,20.0,1,131,26.44562979654984
air_5c817ef28f236bdf,37.75471698113208,33.0,1,128,21.47845812966366
air_5cb030b9f0b91537,10.481171548117155,10.0,1,37,4.934727424707658
air_5cfc537125d97f16,8.403571428571428,7.0,1,27,5.048650917628357
air_5d7c744c3a2ef624,29.6875,26.0,1,110,17.59116374239768
air_5d945ade487cdf4d,13.072625698324023,12.0,1,42,7.251409933769644
air_5dea8a7a5bf5eb71,31.089965397923876,30.0,1,78,11.923025823609759
air_5e339a1f364cdb00,11.274900398406375,10.0,1,37,6.841061868601966
air_5e34c6fe6fabd10e,19.870445344129553,20.0,1,46,7.775784343626434
air_5e70fe82f9e4fab6,13.598574821852731,12.0,1,54,8.82274646053531
air_5e939e005bd34633,25.28125,20.0,1,168,23.072830803792755
air_5ed3198e4a5eed0f,31.34441087613293,28.0,1,94,14.901976395271022
air_5f3a3ef4cba110a4,29.474777448071215,30.0,1,181,17.325493500178514
air_5f6fa1b897fe80d5,30.449152542372882,29.0,7,61,10.200206470690526
air_5fbda8e9302f7c13,23.50210970464135,23.0,4,72,10.074983480902398
air_602ca92c0db34f8f,19.13807531380753,17.0,3,45,8.957988668551698
air_609050e4e4f79ae1,19.440963855421685,18.0,1,48,10.777761996727829
air_60a7057184ec7ec7,35.08,33.0,4,135,18.212120969589737
air_60aa54ecbc602348,5.948186528497409,5.0,1,37,4.866253720698056
air_6108821ffafa9b72,23.72,22.0,2,47,9.162609543935531
air_614e2f7e76dff854,10.92071611253197,11.0,1,32,5.261992943959367
air_61668cc2b0778898,8.098712446351932,7.0,1,30,5.423738377745774
air_61b8d37c33617f21,31.33445945945946,30.0,5,73,12.262370234771987
air_61de73b097513f58,10.389496717724288,10.0,1,27,5.5663205555243795
air_622375b4815cf5cb,32.28699551569507,23.0,2,118,26.001005364053775
air_627cabe2fe53f33f,14.333333333333334,13.0,2,41,8.03152391169235
air_629d9935273c82ae,22.065068493150687,21.0,2,64,10.771249069838753
air_629edf21ea38ac2d,22.068840579710145,14.0,1,169,22.262703587266596
air_632ba66e1f75aa28,13.40767386091127,12.0,1,53,8.574993754713626
air_638c35eb25e53eea,25.017021276595745,23.0,1,93,14.108312648144638
air_63a750d8b4b6a976,22.80295566502463,21.0,1,63,11.558358255542249
air_63a88d81295195ed,28.952380952380953,25.0,1,114,20.030090999657123
air_63b13c56b7201bd9,17.94078947368421,12.0,1,110,16.170343313975888
air_63e28ee0b0c955a7,21.0763723150358,20.0,1,101,11.927166939819873
air_640cf4835f0d9ba3,20.440425531914894,18.0,1,74,12.740633242747876
air_6411203a47b5ec77,10.352226720647772,10.0,1,27,5.083992203856786
air_645cb18b33f938cf,16.4331983805668,16.0,1,64,10.21489582126744
air_646b93e336f0dded,8.888392857142858,7.0,1,78,8.821653399786102
air_64a5d5c1381837af,40.223880597014926,40.0,3,71,10.862188680786225
air_64d4491ad8cdb1c6,15.398081534772182,15.0,1,55,8.85811211019581
air_650f9b9de0c5542c,23.718015665796344,24.0,1,53,7.620162303981521
air_657a0748462f85de,8.140562248995984,8.0,1,29,4.71616998845681
air_65e294f1ae6df9c3,20.281653746770026,18.0,2,81,10.033660930197982
air_6607fe3671242ce3,36.45051194539249,34.0,8,97,17.00146371853409
air_670a0c1c4108bcea,23.3475,24.0,2,49,8.727667167431607
air_671b4bea84dafb67,24.649350649350648,25.0,7,60,6.464519349759584
air_673acd9fa5e0dd78,7.637254901960785,7.0,1,39,4.886503934455605
air_67483104fa38ef6c,29.548936170212766,27.0,10,66,10.510919684980642
air_675aa35cba456fd1,38.67621776504298,40.0,1,67,14.744608658901956
air_67f87c159d9e2ee2,42.46020761245675,43.0,8,100,18.932976851429025
air_68147db09287bf74,15.793388429752065,15.0,1,64,8.6584977139094
air_681b0c56328dd2af,31.647642679900745,29.0,1,218,17.085675625897792
air_681f96e6a6595f82,43.8975,43.0,1,111,16.42029411725755
air_68301bcb11e2f389,30.533769063180827,29.0,4,109,13.409752250276691
air_683371d9baabf410,33.475247524752476,32.0,4,118,13.86166612567805
air_6836438b543ba698,26.09027777777778,19.0,2,142,22.9395245522254
air_6873982b9e19c7ad,6.083682008368201,5.0,1,21,3.520842121282105
air_68c1de82037d87e6,23.478589420654913,23.0,1,71,9.759878188157145
air_68cc910e7b307b09,8.646788990825687,8.0,1,23,4.632982712293755
air_68d075113f368946,19.79259259259259,16.0,1,76,13.952706255090341
air_6902e4ec305b3d08,36.34630350194553,35.0,2,86,13.790307254486818
air_694571ea13fb9e0e,27.479338842975206,28.0,4,118,9.588720182995202
air_6a15e4eae523189d,19.32051282051282,20.0,1,42,8.868849265239232
air_6b15edd1b4fbb96a,36.144067796610166,32.0,3,103,19.88866054407466
air_6b2268863b14a2af,21.697318007662837,21.0,1,51,9.971707693154313
air_6b65745d432fd77f,21.555555555555557,20.0,1,49,11.563952611455997
air_6b7678aae65d2d59,8.794736842105262,8.0,1,33,5.919421429708426
air_6b942d5ebbc759c2,15.090128755364807,13.0,1,43,9.225878917138216
air_6b9fa44a9cf504a1,7.0,6.0,2,30,4.868666204878411
air_6c1128955c58b690,17.881720430107528,12.0,1,67,15.888019938452409
air_6c91a28278a16f64,13.949880668257757,13.0,1,46,8.798100530923312
air_6c952e3c6e590945,15.20704845814978,15.0,1,50,7.1783549808881775
air_6ca1d941c8199a67,28.01766784452297,28.0,1,90,12.293818959651464
air_6cbe54f0aa30b615,15.268980477223428,14.0,1,49,9.419065588847408
air_6ced51c24fb54262,7.971311475409836,6.0,1,29,5.627972165970417
air_6d64dba2edd4fc0c,9.023255813953488,8.0,1,28,5.992551342552848
air_6d65542aa43b598b,28.793017456359102,29.0,9,55,9.216265573549544
air_6d65dd11d96e00fb,7.615384615384615,7.0,1,97,7.1674060041332
air_6e06824d0934dd81,21.003030303030304,20.0,1,58,7.9307406542079555
air_6e3fd96320d24324,12.190361445783132,10.0,1,50,9.245962880045878
air_6e64fb5821402cd2,9.672413793103448,9.0,1,42,6.612445607677293
air_6ff5fca957798daa,7.4801762114537445,7.0,1,20,3.7538539446599
air_707d4b6328f2c2df,27.427350427350426,26.0,1,105,16.450986830493363
air_709262d948dd0b6e,12.521739130434783,9.0,1,73,11.290010227689143
air_70e9e8cd55879414,8.430875576036867,7.0,1,36,6.158496687397515
air_70f834596eb99fee,20.44176706827309,20.0,3,50,7.7202617848211075
air_710d6537cb7623df,32.37630662020906,33.0,2,90,16.689194913796477
air_712dd258f7f91b4b,15.42,14.0,1,53,9.746361693732705
air_71903025d39a4571,16.77263157894737,15.0,1,74,9.755388450475758
air_722297e7f26db91d,11.436754176610979,10.0,1,34,7.360354485183458
air_728ff578acc6ac6e,9.016064257028113,7.0,1,34,6.989605111074416
air_72f5146cf0c49beb,11.910394265232975,12.0,1,25,4.846848659730021
air_735bcbe1763d6e98,11.25206611570248,9.5,1,45,8.267725574176035
air_73f316e6a18d8aa9,29.046296296296298,29.0,1,167,11.929138760412982
air_7420042ff75f9aca,30.344444444444445,29.0,1,67,13.831377055843856
air_746211c0b532e8aa,39.5979020979021,27.5,2,235,33.28519816128478
air_747f375eb3900e1e,6.780748663101604,6.0,1,22,4.054740153950685
air_74cf22153214064c,12.965346534653465,13.0,1,31,5.981213302155628
air_7514d90009613cd6,45.298701298701296,29.0,1,239,46.636260832028526
air_754ae581ad80cc9f,12.200787401574804,9.0,1,59,10.816609947712239
air_75864c80d2fb334a,9.782945736434108,9.0,1,27,5.6657359673319325
air_75bd5d1b6dc6670d,15.19434628975265,14.0,1,35,7.369265038861848
air_764f71040a413d4d,46.92181069958848,43.0,17,93,15.709595215402139
air_77488fa378cf98c3,9.149674620390455,9.0,1,31,4.753642185138964
air_77dfc83450cbc89c,40.08838383838384,41.0,2,82,13.071556381784404
air_7831b00996701c0f,16.46212121212121,14.0,1,72,11.864043306998411
air_789103bf53b8096b,55.24390243902439,53.0,2,95,19.71392970440556
air_789466e488705c93,19.468354430379748,14.0,1,73,16.56492797013576
air_78df4dc6a7e83e41,16.4031007751938,15.0,1,132,10.896413131923547
air_79afb3f52b4d062c,7.545054945054945,7.0,1,29,4.6215417773788525
air_79f528087f49df06,30.053268765133172,26.0,1,91,20.352168134731652
air_7a81bd7fadcbf3d8,6.031914893617022,5.0,1,20,3.6786934696950055
air_7a946aada80376a4,24.70886075949367,21.0,3,91,14.843070776412615
air_7bacc4d36fb094c9,5.714285714285714,5.0,1,20,3.6059954346826273
air_7bc6ca04d7b0f3b8,21.783870967741937,21.5,1,47,8.274912245418733
air_7bda6048a4a78837,30.67595818815331,30.0,15,52,6.847710073958079
air_7c7774c66fb237f7,9.845622119815669,9.5,1,29,6.039641310875686
air_7cc17a324ae5c7dc,13.467084639498433,9.0,1,65,12.679330526728185
air_7cf5a02c0e01b647,26.254777070063696,26.0,2,90,11.671152539450963
air_7d65049f9d275c0d,8.464601769911505,7.0,1,28,5.953977872596995
air_7dacea2f22afccfb,26.82648401826484,30.0,1,57,14.766594830978006
air_7db266904cb0d72a,13.096,12.0,2,39,6.954151630472149
air_7e12c5d27f44a8de,29.86111111111111,31.0,1,96,13.755744155219633
air_7ef9a5ea5c8fe39f,13.47517730496454,13.0,1,57,8.411635358184286
air_7f3dc18494bce98b,17.597902097902097,16.0,1,77,10.03550866572568
air_7f9e15afafcf4c75,35.07692307692308,28.0,4,115,23.572977965213635
air_7fbf7649eb13ad9b,17.081447963800905,16.0,10,34,4.376867880039949
air_800c02226e2e0288,12.41871921182266,11.0,1,58,7.55553985562095
air_8093d0b565e9dbdf,34.85683760683761,35.0,6,79,13.623996976589195
air_8110d68cc869b85e,32.10144927536232,29.0,1,124,21.334275741119605
air_81546875de9c8e78,6.32129963898917,6.0,1,19,3.7165924143473044
air_81a12d67c22e012f,16.808353808353807,17.0,1,43,7.116042307407732
air_81bd68142db76f58,36.20161290322581,37.0,1,335,25.731557158968403
air_81c2600146d07d16,9.726775956284152,6.0,1,72,11.697266234066298
air_81c5dff692063446,13.034883720930232,10.0,1,63,9.740511699508701
air_820d1919cbecaa0a,29.996466431095406,29.0,3,53,7.778173787568252
air_82a6ae14151953ba,35.44489795918367,33.0,1,158,15.007990511403074
air_831658500aa7c846,30.341772151898734,30.0,3,62,12.8203553151031
air_832f9dbe9ee4ebd3,16.84010840108401,14.0,1,92,12.213184073189453
air_83db5aff8f50478e,7.074688796680498,6.0,1,28,4.773475149921243
air_84060403939d8216,14.98972602739726,15.0,1,42,6.585668386988161
air_848616680ef061bd,28.87713310580205,27.0,9,127,12.130790778158492
air_84f6876ff7e83ae7,20.056,21.0,2,44,9.404180903932867
air_8523d6a70de49e6c,36.667808219178085,36.0,2,107,15.764893944782553
air_859feab8e3c9f98d,18.545064377682404,17.0,1,54,8.49487087236051
air_85bd13a49370c392,10.898954703832752,11.0,2,26,4.708298612727575
air_86cfbf2624576fad,7.776162790697675,7.0,1,60,5.403746819896221
air_86f7b2109e4abd65,42.51948051948052,42.0,1,95,12.883029338876696
air_87059630ab6fe47f,6.25,5.0,1,30,4.522985640386118
air_87078cf7903a648c,6.962406015037594,6.0,1,31,5.236167423181418
air_87467487d21891dd,17.867924528301888,15.0,1,79,13.229955873642389
air_8764b3473ddcceaf,7.092409240924092,6.0,1,27,4.40853046548165
air_876d7a23c47811cb,17.65284974093264,18.0,2,37,8.017474707839513
air_877f79706adbfb06,11.81201044386423,12.0,1,38,4.595828051214539
air_87ca98aa7664de94,14.734939759036145,15.0,1,56,6.85639153898554
air_87f9e1024b951f01,10.476958525345623,9.0,1,38,7.609746634800067
air_883ca28ef0ed3d55,13.324894514767932,12.0,1,61,7.1507426904336375
air_88c8e34baa79217b,31.513513513513512,32.0,2,64,12.069678631120947
air_88ca84051ba95339,30.751295336787564,27.0,1,76,15.568209728864156
air_88f31db64991768a,9.263537906137184,9.0,1,28,5.271526513799926
air_890d7e28e8eaaa11,7.089068825910931,7.0,1,20,3.9990041879502627
air_89e7328af22efe74,41.48684210526316,37.5,4,93,20.70337610280639
air_8a1d21fad48374e8,12.843023255813954,11.0,2,52,7.709931935860157
air_8a59bb0c497b771e,28.14864864864865,30.0,5,45,7.571109231688946
air_8a906e5801eac81c,22.39378238341969,22.0,1,64,8.689767841371578
air_8b4a46dc521bfcfe,19.530075187969924,12.5,1,164,20.44581051319549
air_8c119d1f16049f20,28.42127659574468,26.0,3,94,12.535203072310265
air_8c3175aa5e4fc569,34.51877133105802,29.0,6,777,47.45420094708474
air_8cc350fd70ee0757,36.23890784982935,36.0,7,90,13.344907762389544
air_8ce035ee1d8a56a6,19.12,19.0,1,39,6.00548611303159
air_8d50c64692322dff,10.466666666666667,7.0,1,49,9.569255661100083
air_8d61f49aa0373492,45.13483146067416,43.0,1,92,17.579964849103877
air_8e429650fcf7a0ae,17.73498233215548,13.0,1,61,13.761278246916177
air_8e4360a64dbd4c50,27.22866894197952,26.0,2,66,10.48770956831568
air_8e492076a1179383,47.01851851851852,37.0,1,199,41.20839387874378
air_8e8f42f047537154,28.64516129032258,30.0,2,46,9.796447623456817
air_8ec47c0f1e2c879e,32.97931034482759,30.0,3,79,14.281388166618703
air_8f13ef0f5e8c64dd,32.68036529680365,26.0,1,182,31.033691780934152
air_8f273fb9ad2fed6f,22.5777027027027,19.0,1,65,13.12213976425608
air_8f3b563416efc6ad,13.62457337883959,13.0,1,27,4.594779300553589
air_900d755ebd2f7bbd,82.2,83.5,4,125,29.23516267856406
air_901925b628677c2e,9.827354260089686,8.0,1,49,7.348424317540614
air_90213bcae4afa274,28.007843137254902,27.0,3,69,13.48431347516651
air_90bd5de52c166767,21.384615384615383,21.0,1,51,10.243100090601803
air_90ed0a2f24755533,37.148809523809526,35.0,5,109,16.350809784539976
air_90f0efbb702d77b7,30.683397683397683,29.0,1,79,15.682167650215067
air_9105a29b0eb250d2,16.898954703832754,16.0,2,52,8.193053019763413
air_91236b89d29567af,15.288732394366198,13.5,1,60,7.942888888802714
air_9152d9926e5c4a3a,43.98148148148148,41.0,6,269,22.46841994626276
air_915558a55c2bc56c,17.620567375886523,18.0,2,41,6.3700815117998735
air_91beafbba9382b0a,25.732997481108313,16.0,1,137,24.564473902643016
air_91d72e16c4bcba55,16.417073170731708,16.0,1,61,8.494451013113967
air_9241121af22ff1d6,28.57792207792208,27.0,1,101,14.766049381197787
air_929d8513e3cdb423,7.705035971223022,7.0,1,29,4.54333842080046
air_931a8a4321b6e7d1,5.470873786407767,5.0,1,17,3.655483847536763
air_9352c401d5adb01b,24.299065420560748,25.0,1,53,8.853705561459126
air_9387ff95e886ebc7,24.96039603960396,21.0,1,88,18.87820127619318
air_938ef91ecdde6878,23.278195488721803,22.5,1,66,12.180314079327918
air_939964477035ef0b,19.724137931034484,21.0,1,44,10.155358178555202
air_93b9bb641f8fc982,26.193548387096776,26.0,3,228,12.444755563915527
air_93dd7070c9bf5453,16.74712643678161,13.0,1,69,13.982672183879409
air_93ebe490d4abb8e9,14.343283582089553,14.0,1,38,6.99965373735827
air_9438d67241c81314,33.4945295404814,33.0,1,82,11.07829357028862
air_947eb2cae4f3e8f2,30.547511312217196,29.0,2,63,14.552530415895141
air_9483d65e9cc9a6b7,14.304721030042918,15.0,2,28,4.23316381583183
air_950381108f839348,25.892116182572614,25.0,1,58,12.18386826585788
air_95d28905941fd4cb,26.851116625310173,25.0,3,138,10.706052944272628
air_95e917913cd988f3,19.486486486486488,19.0,1,45,10.037815255855044
air_96005f79124e12bf,24.795774647887324,22.0,2,73,13.891319063868485
air_965b2e0cf4119003,35.17355371900826,37.0,2,82,16.583464498283824
air_96743eee94114261,16.832080200501252,16.0,1,50,8.514213563011374
air_96773a6236d279b1,22.91941391941392,23.0,1,66,9.56906533680028
air_968d72c12eed09f0,17.972906403940886,17.0,1,69,10.12766678435472
air_96929a799b12a43e,25.07792207792208,26.0,1,80,13.348277433664451
air_96ec3cfe78cb0652,15.778115501519757,15.0,1,105,8.438226469468175
air_97159fc4e90053fe,23.466824644549764,23.0,2,53,11.23650264955273
air_97958e7fce98b6a3,22.11904761904762,20.0,1,67,12.813286797063421
air_97b2a9f975fc702c,35.705882352941174,31.0,4,112,21.179114394174686
air_97cf68dc1a9beac0,12.768595041322314,12.0,1,54,7.702734687716623
air_97e0f2feec4d577a,23.64344262295082,21.0,1,105,14.041968181280778
air_9828505fefc77d75,17.04149377593361,15.0,1,409,26.265280081494204
air_98b54e32ccddd896,16.931451612903224,17.0,2,45,8.019165978174005
air_990a642a3deb2903,27.570833333333333,27.0,1,72,13.312905594557316
air_99157b6163835eec,47.87566137566137,43.0,12,115,19.80402365706775
air_99a5183695b849f9,25.5625,22.5,1,71,15.568089738900749
air_99b01136f451fc0e,40.328947368421055,38.5,16,111,15.076651281536591
air_99c3eae84130c1cb,38.37759336099585,37.0,1,144,16.74896004285905
air_9a30407764f4ff84,21.009090909090908,17.0,1,82,13.190556643216693
air_9a6f6e7f623003d2,4.237113402061856,3.0,1,77,6.374777364193349
air_9aa32b3db0fab3a5,16.470149253731343,16.0,1,42,6.919224328949464
air_9aa92007e3628dbc,34.63008130081301,33.0,6,68,12.238670295649284
air_9ae7081cb77dc51e,22.37370242214533,23.0,1,63,11.03366693516439
air_9b13c7feb0a0c431,19.519900497512438,19.0,1,91,10.08571009496855
air_9b6af3db40da4ae2,36.895270270270274,32.0,3,92,18.09951337283647
air_9bbc673495e23532,7.094915254237288,5.0,1,36,5.212929495146193
air_9bf0ccac497c4af3,38.67063492063492,36.0,1,84,15.037226409192801
air_9bf595ef095572fb,26.22680412371134,25.0,4,68,12.316659719571172
air_9c6787aa03a45586,76.45714285714286,83.0,2,142,36.80094741781604
air_9ca2767761efff4d,10.331896551724139,6.0,1,68,10.976055001707469
air_9cd5e310f488bced,12.992831541218639,12.0,1,44,7.81300927274376
air_9cf2f1ba86229773,31.0,32.5,1,55,11.88836966675134
air_9d3482b4680aee88,7.322259136212624,7.0,1,24,4.573015366905945
air_9d452a881f7f2bb7,8.601049868766404,7.0,1,71,8.061500379492598
air_9d474ec2448c700d,13.035019455252918,13.0,1,39,6.60749007545802
air_9d5a980b211e1795,10.402489626556017,11.0,1,23,3.9528252060098654
air_9d93d95720f2e831,8.399441340782124,8.0,1,22,4.3578963034045834
air_9dc9483f717d73ee,6.959641255605381,7.0,1,26,3.823019873320542
air_9dd7d38b0f1760c4,3.7004608294930876,3.0,1,12,2.3722254299194914
air_9e920b758503ef54,4.673003802281369,4.0,1,16,2.84583419060976
air_9efaa7ded03c5a71,20.109848484848484,16.0,1,89,16.485944513945196
air_9f277fb7a2c1d842,10.396475770925111,8.0,1,48,8.694297230336318
air_9fc607777ad76b26,14.64327485380117,12.0,1,59,11.531733538087066
air_a083834e7ffe187e,27.32563025210084,25.0,1,91,15.800767956748137
air_a11473cc1eb9a27f,31.827868852459016,33.0,2,78,14.38345678842105
air_a17f0778617c76e2,44.59574468085106,43.0,10,109,24.796265124153436
air_a1fe8c588c8d2f30,15.648590021691973,13.0,1,89,11.848781957534895
air_a218912784bf767d,16.225925925925925,14.5,1,42,9.139810081267017
air_a21ffca0bea1661a,1.1875,1.0,1,10,0.7785448448687452
air_a239a44805932bab,29.59349593495935,29.0,1,56,7.87798523748453
air_a24bf50c3e90d583,22.395189003436425,20.0,2,76,13.247192710364482
air_a2567267116a3b75,24.325259515570934,22.0,1,89,14.5868359609806
air_a257c9749d8d0ff6,21.955974842767297,21.0,1,66,11.437970250109982
air_a271c9ba19e81d17,25.94256756756757,25.0,1,67,10.616588179433649
air_a2b29aa7feb4e36f,17.8206106870229,16.5,1,61,11.578247655959023
air_a304330715435390,8.696581196581196,8.0,1,24,4.015772158609039
air_a33461f4392ec62c,23.864,23.0,1,57,8.219229094485113
air_a373500730e2a9e0,10.431472081218274,10.0,1,39,5.179390000677377
air_a38f25e3399d1b25,37.678260869565214,35.0,1,124,24.583076108489006
air_a41b032371a63427,12.181818181818182,10.0,1,56,8.187145782298375
air_a49f1cf0634f13e5,17.670833333333334,17.0,1,45,9.590571519161736
air_a510dcfe979f09eb,16.435374149659864,14.0,1,58,10.642543273763895
air_a546cbf478a8b6e4,29.17167381974249,28.0,2,73,13.375726381695141
air_a55d17bd3f3033cb,12.025806451612903,11.0,1,36,6.671105076117164
air_a563896da3777078,29.08048780487805,29.0,2,81,12.66421173741851
air_a678e5b144ca24ce,16.83756345177665,16.0,1,41,6.775123645325568
air_a7404a854919e990,8.593856655290102,8.0,1,25,4.3724969129039435
air_a8533b7a992bb0ca,30.823788546255507,26.0,1,118,17.928968449886963
air_a85f0c0c889f6b7e,37.6360294117647,37.0,1,130,18.34649759066156
air_a85f8c0bfd61889f,10.207317073170731,9.0,1,54,7.127534086925068
air_a88ac559064dec08,35.97536945812808,35.0,2,88,19.28022596095282
air_a9133955abccf071,27.635220125786162,25.5,2,76,14.767353106590754
air_a9178f19da58fe99,7.543478260869565,6.0,1,202,13.53034196861761
air_a9a380530c1e121f,44.875,47.0,1,64,13.25912844720524
air_aa0049fe3cc6f4d6,8.506637168141593,7.0,1,82,7.329885986670965
air_ab3ae0e410b20069,29.56787330316742,28.0,1,88,15.59888825337502
air_ab9746a0f83084b7,15.428571428571429,15.0,1,37,6.242004614527524
air_abcdc8115988a010,10.65234375,10.0,1,27,5.749018191967097
air_abf06fcca748dca5,18.941834451901567,15.0,1,80,14.68888781789801
air_ac7a7427c9ae12a5,46.580357142857146,45.0,14,90,16.623576316724858
air_ad13e71e21235131,19.258992805755394,14.0,1,128,16.203951975728547
air_ad60f6b76c9df7ed,20.62780269058296,20.0,1,44,6.831335993521994
air_ad7777590c884721,9.165394402035624,9.0,1,20,4.142933916735576
air_add9a575623726c8,36.57142857142857,35.0,1,152,19.358119032766908
air_ade6e836ffd1da64,15.928838951310862,13.0,1,53,12.163616390058188
air_aed3a8b49abe4a48,9.08,9.0,1,38,6.3752028735430954
air_af03c277a167b2bd,25.073929961089494,23.0,1,77,12.575955997883435
air_af24e3e817dea1e5,14.08,13.0,1,66,6.773779417078836
air_af63df35857b16e6,22.98168498168498,23.0,2,45,9.350784102248813
air_b0a6a4c5e95c74cf,13.583333333333334,13.0,1,34,5.880965700950618
air_b162fb07fbbdea33,13.553884711779448,13.0,1,35,5.151618635884241
air_b192fb5310436005,10.527272727272727,9.0,1,39,7.225887279061096
air_b1a72bf1ebf4b8ef,38.53125,33.0,1,140,21.501641524202142
air_b1bb1fae86617d7a,34.135416666666664,34.0,2,115,18.639703149658725
air_b1d822f75c9fc615,18.443478260869565,16.0,2,77,12.579466828792631
air_b2395df0e874078d,6.541062801932367,5.0,1,30,4.909571079570716
air_b23d0f519291247d,36.778169014084504,27.0,1,189,31.069455115251245
air_b259b4e4a51a690d,13.441558441558442,11.0,1,81,11.252297957310397
air_b28bed4b2e7167b7,14.096219931271477,12.0,1,42,7.784003455789269
air_b2a639cc7e02edf1,22.905594405594407,19.0,1,80,16.317513038165632
air_b2d8bc9c88b85f96,20.664319248826292,19.0,1,228,16.541640693401767
air_b2d97bd2337c5ba7,37.422680412371136,38.0,4,78,14.436425470899017
air_b2dcec37b83e2494,9.05813953488372,9.0,1,28,4.5464005974953
air_b30fffd7ab1e75a5,11.797029702970297,12.0,1,29,5.285236274446514
air_b3180b74332ba886,10.770833333333334,9.0,1,42,7.099779964474338
air_b3a824511477a4ed,9.045454545454545,9.0,1,20,3.3954448373009276
air_b439391e72899756,20.9645390070922,19.5,1,120,14.174766486502397
air_b45b8e456f53942a,11.363636363636363,10.0,1,30,6.989696629320002
air_b4f32bcc399da2b9,32.23201856148492,27.0,1,107,23.52123227589063
air_b5598d12d1b84890,6.003787878787879,5.0,1,23,3.4448375505254685
air_b5bdd318005d9aa4,23.591489361702127,21.0,5,93,11.930851872552978
air_b60cc7d6aee68194,16.673202614379086,15.0,1,103,11.97513621296726
air_b711b43ae472cb6b,21.03862660944206,20.0,5,47,8.356974260779037
air_b7fa3d2fca744dd2,40.68702290076336,40.0,1,99,14.457935450534462
air_b80fed1a07c817d2,5.5476190476190474,5.0,1,24,3.7608050456016735
air_b88192b35ac03c24,18.294520547945204,15.5,1,55,11.21251620737322
air_b8925441167c3152,6.095238095238095,3.0,1,47,6.8644062313900545
air_b8a5ee69e5fdcc5b,38.9757785467128,34.0,7,106,19.93712603705596
air_b8d9e1624baaadc2,7.764,7.0,1,72,6.298809730104908
air_b9e27558fb8bd5c4,12.477572559366754,12.0,1,35,7.500715903531365
air_ba495cccc8f0f237,19.076433121019107,18.0,1,57,10.141892098391272
air_ba937bf13d40fb24,22.782608695652176,22.0,1,61,11.810525698707135
air_bac5f4441db21db9,41.20161290322581,37.0,7,98,14.763440915701585
air_baf28ac9f13a307d,15.186046511627907,14.0,1,37,7.4828645807788865
air_bb09595bab7d5cfb,26.07246376811594,25.0,1,82,13.921409375443373
air_bb26d6d079594414,20.338461538461537,17.0,1,102,15.32837774497019
air_bb4ff06cd661ee9b,31.333333333333332,34.0,1,46,10.779372513967212
air_bbe1c1a47e09f161,2.640909090909091,1.0,1,33,4.055906014567366
air_bc991c51d6613745,15.293893129770993,13.0,1,55,11.235270515631399
air_bc9a129e11a2efe0,32.15593220338983,31.0,5,72,11.168594683588102
air_bcce1ea4350b7b72,16.598591549295776,15.0,2,88,12.22409129151324
air_bd74a9222edfdfe1,12.106164383561644,11.0,1,30,6.9681920683494045
air_bdd32aa407c16335,13.793258426966291,13.0,1,40,6.8751707227420065
air_bebd55ed63ab2422,8.254901960784315,6.0,1,35,6.3575955479857145
air_bed603c423b7d9d4,6.664233576642336,5.0,1,43,6.002780030266165
air_bedd35489e666605,37.32793522267207,37.0,1,81,16.127343498573783
air_bf13014b6e3e60ca,33.034188034188034,29.0,1,102,16.994031582403245
air_bf21b8350771879b,25.848484848484848,25.0,10,74,7.769611216656704
air_bf617aa68d5f1cfa,6.238938053097345,6.0,1,16,3.3777687212009213
air_bf7591560077332d,8.101648351648352,7.0,1,26,4.670769254600551
air_bfafaed35e213fd7,12.854395604395604,11.0,1,112,9.075636104873304
air_bfda7731a6c6fc61,16.47780678851175,16.0,1,42,6.687794884177698
air_c027e2b560442808,18.494584837545126,17.0,1,48,9.290255506785778
air_c0385db498b391e5,27.697508896797153,27.0,3,77,12.683128311747142
air_c1d5d165c055b866,28.122065727699532,27.0,3,69,12.691048497189765
air_c1ff20617c54fee7,8.06030150753769,8.0,1,21,3.494061615842049
air_c225148c0fcc5c72,25.35022026431718,22.0,2,77,13.341772851504171
air_c2626f5f86d57342,20.936758893280633,19.0,2,73,10.722137784037791
air_c26f027b5bc1f081,6.947368421052632,6.0,1,33,5.776452969330104
air_c28983412a7eefcf,39.510373443983404,35.0,8,111,17.75718446929651
air_c2c8435bdb3516d4,33.4212962962963,30.0,1,103,22.43057472082329
air_c31472d14e29cee8,14.058568329718005,13.0,1,42,8.128775865793028
air_c3585b0fba3998d0,9.243243243243244,6.0,1,37,8.117363988380648
air_c3bc011cca3bec65,11.095744680851064,11.0,1,36,6.490731112035364
air_c3dcaf3aeb18e20e,13.535836177474403,13.0,1,36,6.7068952762841665
air_c47aa7493b15f297,24.102040816326532,23.0,2,68,11.795464705609442
air_c4fa5c562d5409ca,18.841975308641974,16.0,1,100,12.568809266813123
air_c52c63c781fe48f6,29.221774193548388,28.0,11,60,8.886327217382448
air_c5459218282bedd5,20.996402877697843,20.0,1,59,10.379964803623764
air_c66dbd2c37832d00,16.237373737373737,17.0,2,34,5.554457410823029
air_c6a164dd4060e960,14.05511811023622,11.0,1,59,11.26216798326955
air_c6aa2efba0ffc8eb,28.45049504950495,23.5,2,348,26.723943924095188
air_c6ffd6a93e6b68d6,13.237037037037037,11.0,1,59,9.178289728518633
air_c73d319ffabf287a,16.107142857142858,16.0,1,43,8.595688902713967
air_c759b6abeb552160,8.642633228840126,5.0,1,57,9.604974501926906
air_c77ee2b7d36da265,41.88381742738589,43.0,1,88,13.300806192352715
air_c7d30ab0e07f31d5,12.916184971098266,12.0,1,32,6.528104095717767
air_c7f78b4f3cba33ff,23.972350230414747,24.0,1,70,12.927832826134262
air_c8265ecc116f2284,8.226765799256505,7.0,1,37,6.45106935664151
air_c88467d88b2c8ecd,19.183406113537117,19.0,2,37,6.7662400295127
air_c8a657c8c5c93d69,7.71280276816609,7.0,1,38,5.1333477508448055
air_c8c0ef02ed72053f,25.385416666666668,20.0,1,78,16.042867090852983
air_c8fe396d6c46275d,17.5859649122807,14.0,1,103,12.980638867994895
air_c92745dfdd2ec68a,14.444201312910284,14.0,1,52,8.5615453922317
air_c9ed65554b6edffb,18.953846153846154,16.0,1,74,11.317409960506183
air_c9f6de13be8b8f25,6.722610722610723,5.0,1,37,5.545476955459253
air_ca1315af9e073bd1,43.83076923076923,45.0,1,75,12.079507949077723
air_ca6ae8d49a2f1eaf,26.63050847457627,24.0,1,72,14.333814905340946
air_ca957d3a1529fbd3,30.5375,30.0,5,62,10.321132908689263
air_cadf9cfb510a1d78,38.125,32.0,5,167,23.996439412496425
air_caf996ac27206301,4.373540856031128,4.0,1,13,2.7670918269888203
air_cb083b4789a8d3a2,30.497737556561084,26.0,1,369,27.42089853882007
air_cb25551c4cd8d9f3,9.181132075471698,8.0,1,27,5.498383254241225
air_cb7467aed805e7fe,35.55813953488372,33.0,1,94,15.71829949149136
air_cb935ff8610ba3d3,6.471204188481676,5.0,1,35,5.644555654991645
air_cbe139af83feb388,11.0,10.0,1,33,5.6415723100476525
air_cbe867adcf44e14f,17.425619834710744,14.0,1,68,13.382834294856538
air_cc1a0e985ce63711,28.424657534246574,26.5,3,74,12.028794557549968
air_cc35590cd1da8554,19.87878787878788,20.0,2,39,8.316721255243419
air_ccd19a5bc5573ae5,36.58419243986254,32.0,3,103,20.756277595084782
air_cd4b301d5d3918d8,6.127659574468085,6.0,3,19,2.165524933227947
air_cd5f54969be9ed08,6.901639344262295,7.0,1,25,2.655562795792311
air_ced6297e5bdf5130,27.77122641509434,29.0,1,47,8.471731461356834
air_cf2229e64408d9fe,18.535398230088497,15.0,1,57,12.371331880900073
air_cf22e368c1a71d53,28.75657894736842,27.0,1,57,9.374473378958355
air_cf5ab75a0afb8af9,53.83018867924528,56.0,5,92,18.80030262548636
air_cfcc94797d2b5d3d,15.927480916030534,11.0,1,80,13.809822443780845
air_cfdeb326418194ff,17.09090909090909,15.0,1,877,43.81728847576676
air_d00161e19f08290b,24.997844827586206,22.0,2,87,15.25216394694282
air_d00a15343325e5f7,18.15,14.0,1,118,11.665957340461004
air_d07e57b21109304a,11.079037800687285,10.0,2,29,5.356653011421693
air_d0a1e69685259c92,20.502222222222223,17.0,1,77,14.974402641563547
air_d0a7bd3339c3d12a,22.08176100628931,16.0,1,136,21.868251493603616
air_d0e8a085d8dc83aa,9.997885835095138,9.0,1,33,5.333972882128082
air_d138b593ebda55cc,6.172645739910314,6.0,1,34,3.7391660062816645
air_d1418d6fd6d634f2,18.71167883211679,17.0,1,55,10.866526656057259
air_d186b2cb0b9ce022,12.415441176470589,12.0,1,29,4.806996418221328
air_d1f20424f76cc78e,20.42292490118577,20.0,1,46,8.603650719126081
air_d34c0861a2be94cb,43.23514851485149,44.0,1,74,11.816909792743997
air_d3e7b5952cd09ccb,21.410041841004183,21.0,1,47,8.471855505881086
air_d44d210d2994f01b,4.602941176470588,4.0,1,19,3.2803773943116887
air_d473620754bf9fc2,11.401433691756273,11.0,1,36,5.909704074966946
air_d477b6339b8ce69f,9.511194029850746,8.0,1,32,5.975281924275287
air_d4981cdde163b172,26.741803278688526,26.0,1,59,12.42040230598924
air_d4b5a4b04c5f2d04,15.624691358024691,13.0,1,115,13.150777664617685
air_d4d218b451f82c3d,10.602888086642599,11.0,1,31,6.098918201036742
air_d500b48a8735fbd3,24.451476793248943,23.0,1,54,9.283823178510053
air_d54d6fcb116fbed3,4.963060686015831,5.0,1,11,2.3968027919066666
air_d5e0a20370c325c7,24.107526881720432,22.0,2,55,9.953490079197737
air_d63cfa6d6ab78446,18.432989690721648,18.0,3,35,7.150039650960634
air_d69b08a175bc0387,10.061032863849766,9.0,1,29,5.725730806437094
air_d6b3e67261f07646,14.923076923076923,12.0,1,47,9.747532199997792
air_d8abb9e490abf94f,11.903448275862068,11.0,3,27,4.404816706013808
air_d97dabf7aae60da5,37.75420168067227,30.5,3,139,24.8147766502834
air_d98380a4aeb0290b,50.845454545454544,48.0,1,328,29.239113843125583
air_daa7947e1c47f5ed,27.756013745704468,25.0,1,124,14.673889193222863
air_dabfbd0ec951925a,8.202479338842975,8.0,1,50,5.000862378906897
air_dad0b6a36138f309,7.24892703862661,7.0,1,19,3.9531536034863533
air_db1233ad855b34d5,30.493055555555557,26.0,1,114,20.26771914675001
air_db4b38ebe7a7ceff,16.2144420131291,16.0,1,48,8.743040425569543
air_db80363d35f10926,25.29268292682927,18.0,1,109,22.3157824496804
air_dbf64f1ce38c7442,19.072992700729927,17.0,1,164,14.032476740231862
air_dc0e080ba0a5e5af,9.781569965870307,9.0,1,49,6.019949846709945
air_dc71c6cc06cd1aa2,7.735191637630662,7.0,1,34,5.456078461993223
air_de692863bb2dd758,20.238979118329468,20.0,2,48,9.450284252007927
air_de803f7e324936b8,22.98639455782313,21.0,1,72,12.673363749658753
air_de88770300008624,20.70877944325482,17.0,1,101,14.4620558737348
air_dea0655f96947922,35.74364406779661,34.0,9,162,12.597305421796694
air_df507aec929ce5f6,20.065934065934066,16.0,1,121,16.46060506388408
air_df554c4527a1cfe6,63.0,56.0,2,205,39.233875282681026
air_df5cf5cd03eb68d0,7.078260869565217,6.0,1,46,5.213156142552509
air_df843e6b22e8d540,13.294326241134751,10.5,1,75,11.229817154196034
air_df9355c47c5df9d3,24.94144144144144,23.0,1,65,10.957804454170162
air_dfad598ff642dab7,25.071748878923767,23.0,1,77,14.448335236000462
air_dfe068a1bf85f395,34.78,35.0,2,66,10.982077403496366
air_e00fe7853c0100d6,20.38255033557047,19.0,1,55,11.01755191540289
air_e0118664da63a2d0,12.103030303030303,10.0,1,93,8.351418526050248
air_e01d99390355408d,10.699074074074074,9.0,1,71,7.590579035353503
air_e053c561f32acc28,28.506849315068493,26.0,2,83,16.604452917989754
air_e08b9cf82057a170,30.140893470790378,27.0,7,88,15.924955840105243
air_e0aee25b56a069f2,14.680672268907562,15.0,1,26,4.46445459383441
air_e0e69668214ff972,11.62655601659751,10.0,1,51,6.812485486679887
air_e0f241bd406810c0,29.511166253101738,31.0,2,98,9.989384882364506
air_e1b76fcb5208fb6b,11.28135593220339,10.0,4,43,4.344692382285641
air_e2208a79e2678432,41.108,41.0,13,89,9.574917869560831
air_e270aff84ac7e4c8,21.07872340425532,21.0,1,59,9.547556562802873
air_e3020992d5fe5dfd,12.464435146443515,12.0,2,30,6.331012005985774
air_e34c631c766f2766,28.153310104529616,27.0,4,80,10.154962677278801
air_e42bdc3377d1eee7,22.8130081300813,20.0,1,372,32.60301444211943
air_e483f5b3c4f310e0,6.205445544554456,6.0,1,15,2.954555728507843
air_e524c6a9e06cc3a1,7.768041237113402,7.0,1,26,4.778276542155823
air_e55abd740f93ecc4,43.828087167070215,44.0,1,90,16.403645861386472
air_e57dd6884595f60d,41.027227722772274,40.0,6,144,13.161216474719032
air_e58f669b6f1a08ce,10.192090395480227,11.0,1,23,5.730722792096195
air_e5cf003abcc5febb,12.603491271820449,10.0,1,62,10.033189312504204
air_e64de0a6bf0739af,42.472727272727276,45.0,1,122,23.67153815355937
air_e657ca554b0c008c,23.594488188976378,20.5,1,61,14.376258464723152
air_e700e390226d9985,26.080760095011875,25.0,1,63,13.00560814535037
air_e76a668009c5dabc,10.25925925925926,10.0,1,26,5.229972190623091
air_e7d2ac6d53d1b744,14.75492957746479,14.0,1,49,7.310637492440321
air_e7fbee4e3cfe65c5,39.921875,35.5,2,129,24.09592248477234
air_e88bbe2ede3467aa,27.52914798206278,28.0,2,67,10.722351020520902
air_e89735e80d614a7e,27.705882352941178,27.0,1,71,14.054356767738506
air_e8ed9335d0c38333,34.656716417910445,31.0,5,248,20.27103198381379
air_e9ebf7fc520ac76a,36.48550724637681,34.0,1,96,19.402666565163933
air_ea6d0c3acf00b22a,20.44313725490196,17.0,1,69,12.871399885046381
air_ea7c16131980c837,10.035175879396984,9.0,1,114,8.186661686302044
air_eb120e6d384a17a8,40.28605200945626,39.0,14,95,10.947352220165369
air_eb20a89bba7dd3d0,6.485175202156334,5.0,1,29,5.436778771953772
air_eb2d2653586315dd,34.28162291169451,34.0,3,120,13.373254793480141
air_eb5788dba285e725,21.747081712062258,20.0,1,59,9.581590484671809
air_ebd31e812960f517,23.0,21.0,1,50,9.929584012206263
air_ebe02c3090271fa9,11.736625514403292,11.0,2,30,5.483688823342108
air_ec0fad2def4dcff0,14.969565217391304,14.0,1,31,6.735419950248718
air_eca4a5a191e8d993,25.012787723785166,25.0,1,78,11.20289981477794
air_eca5e0064dc9314a,33.610921501706486,29.0,1,627,44.7197377989346
air_ecab54b57a71b10d,14.189516129032258,14.0,1,31,6.237568281351005
air_eceb97ad6a7d4c07,19.72222222222222,19.0,3,43,6.378256230021733
air_ecf7f141339f1d57,15.519480519480519,16.0,1,36,7.37199823588125
air_eda179770dfa9f91,11.198581560283689,10.5,2,34,6.399755175650931
air_edd5e3d696a5811b,38.42424242424242,44.0,1,77,20.399959957593296
air_ee3a01f0c71a769f,28.795336787564768,24.0,4,79,17.299863493659903
air_ee3ba9af184c6c82,13.348684210526315,10.0,1,41,10.306083761334518
air_eec5e572b9eb9c23,16.991561181434598,14.0,1,69,12.879161845419938
air_eeeadee005c006a2,11.44406779661017,10.0,1,28,5.707384856495125
air_ef47430bcd6f6a89,11.818181818181818,11.0,1,30,5.301329491637315
air_ef789667e2e6fe96,31.730434782608697,29.0,1,90,17.069547213571525
air_ef920fa6f4b085f6,33.75059382422803,33.0,1,71,12.77337375275168
air_efc80d3f96b3aff7,9.609977324263038,9.0,1,75,6.666557667630898
air_efd70b04de878f25,27.98201438848921,28.0,10,48,6.989138058533127
air_efef1e3daecce07e,40.8,40.0,7,105,14.606792106226399
air_f068442ebb6c246c,9.314214463840399,9.0,1,66,5.565161493064716
air_f0c7272956e62f12,6.997518610421836,5.0,1,31,5.894807040632848
air_f0fb0975bdc2cdf9,11.765124555160142,9.0,1,56,9.019522124781922
air_f1094dbf2aef85d9,5.464788732394366,5.0,1,22,3.349870397023379
air_f180301886c21375,13.119850187265918,11.0,1,44,8.844556712245021
air_f183a514cb8ff4fa,36.73010380622837,35.0,3,83,14.10439107365615
air_f1f9027d4fa8f653,22.908571428571427,20.0,1,77,14.571341567886142
air_f267dd70a6a6b5d3,30.62890625,23.0,1,142,24.99817609768329
air_f26f36ec4dc5adb0,39.950537634408605,40.0,3,90,12.797987985522088
air_f2985de32bb792e0,34.28668941979522,29.0,5,675,40.87719321285929
air_f2c5a1f24279c531,14.221902017291066,13.0,1,80,8.592225539665245
air_f3602e4fa2f12993,11.333333333333334,10.0,1,37,7.204583302176674
air_f3f9824b7d70c3cf,18.766323024054984,17.0,1,60,10.806784262138258
air_f4936b91c9addbf0,16.572,17.0,1,42,7.852864823984624
air_f593fa60ac3541e2,10.905923344947736,9.0,1,52,7.8054266424729475
air_f690c42545146e0a,10.538775510204081,7.0,1,48,10.224304383860252
air_f6b2489ccf873c3b,16.025531914893616,16.0,6,28,4.1150028736764215
air_f6bfd27e2e174d16,15.621513944223107,13.0,1,54,10.009004710699498
air_f6cdaf7b7fdc6d78,10.526119402985074,9.0,1,40,6.679056977824817
air_f8233ad00755c35c,35.159695817490494,37.0,1,75,15.81781930421218
air_f85e21e543cf44f2,5.036036036036036,4.0,1,40,3.9828317717137467
air_f88898cd09f40496,7.902877697841727,7.0,1,41,5.388977149835606
air_f911308e19d64236,36.402948402948404,36.0,4,82,16.428972100847773
air_f9168b23fdfc1e52,12.404494382022472,11.0,1,116,9.531174533879287
air_f927b2da69a82341,15.43728813559322,13.0,1,54,10.028291583144135
air_f957c6d6467d4d90,10.282312925170068,10.0,1,29,5.1989655138007045
air_f96765e800907c77,41.396946564885496,46.0,1,93,23.463936523596416
air_fa12b40b02fecfd8,16.34865900383142,15.0,1,43,8.234839690806034
air_fa4ffc9057812fa2,6.9728260869565215,5.0,1,35,6.266499368450815
air_fab092c35776a9b1,11.429824561403509,11.0,1,64,5.599009799811428
air_fb44f566d4f64a4e,16.559701492537314,14.0,1,45,9.456279446106429
air_fbadf737162a5ce3,21.09090909090909,20.0,2,66,9.043087385792786
air_fc477473134e9ae5,18.636363636363637,16.0,1,60,13.258850975352383
air_fcd4492c83f1c6b9,27.317016317016318,23.0,1,99,16.3198810712468
air_fcfbdcf7b1f82c6e,37.11372549019608,35.0,1,128,20.3635947703639
air_fd154088b1de6fa7,6.023809523809524,5.0,1,18,3.8317182102215566
air_fd6aac1043520e83,32.62204724409449,32.0,2,86,14.983286724244447
air_fdc02ec4a3d21ea4,15.288732394366198,13.0,1,61,11.760015495960737
air_fdcfef8bd859f650,3.5919540229885056,3.0,1,17,2.343394030394574
air_fe22ef5a9cbef123,26.385593220338983,23.0,1,109,17.177345350138246
air_fe58c074ec1445ea,29.13583815028902,27.0,1,180,15.752305155159517
air_fea5dc9594450608,14.485401459854014,13.0,1,44,8.5280063513744
air_fee8dcf4d619598e,26.02777777777778,27.0,2,53,9.799697388803269
air_fef9ccb3ba0da2f7,9.620408163265306,8.0,1,30,5.387332576678031
air_ffcc2d5087e1b476,20.242798353909464,19.0,1,55,10.917927272999655
air_fff68b929994bfbd,5.089219330855019,5.0,1,18,3.1774971000958376
